{
  "pr_auc": 0.7470482545734543,
  "roc_auc": 0.9918000740771223,
  "best_threshold": 0.9951920509338379,
  "f1_score": 0.7723342938987584,
  "precision": 0.694300518134715,
  "recall": 0.8701298701298701,
  "tpr": 0.8701298701298701,
  "fpr": 0.013354459031235853,
  "tnr": 0.9866455409687641,
  "confusion_matrix": [
    [
      4359,
      59
    ],
    [
      20,
      134
    ]
  ]
}