{
  "winner_overall": "GNN (Benchmark)",
  "winner_tabular": "XGBoost",
  "all_models": [
    {
      "model": "GNN (Benchmark)",
      "roc_auc": 0.9918000740771223,
      "pr_auc": 0.7470482545734543,
      "precision@100": NaN,
      "recall@100": NaN,
      "training_time": NaN,
      "precision@500": NaN,
      "recall@500": NaN,
      "precision@1000": NaN,
      "recall@1000": NaN,
      "best_params": NaN
    },
    {
      "model": "XGBoost",
      "roc_auc": 0.9529073183029011,
      "pr_auc": 0.38884520015606666,
      "precision@100": 0.98,
      "recall@100": 0.054535336672231496,
      "training_time": NaN,
      "precision@500": 0.84,
      "recall@500": 0.2337228714524207,
      "precision@1000": 0.606,
      "recall@1000": 0.337228714524207,
      "best_params": {
        "n_estimators": 760,
        "learning_rate": 0.09953644061600488,
        "max_depth": 12,
        "subsample": 0.8374513696099152,
        "colsample_bytree": 0.9487908803055531,
        "reg_alpha": 0.11098793316786999,
        "reg_lambda": 4.9478218218206615,
        "seed": 42,
        "objective": "binary:logistic",
        "eval_metric": "aucpr",
        "tree_method": "hist",
        "scale_pos_weight": 1200.9727810650888
      }
    },
    {
      "model": "LightGBM",
      "roc_auc": 0.9346927318741043,
      "pr_auc": 0.19155489556458039,
      "precision@100": 0.64,
      "recall@100": 0.035614913745130775,
      "training_time": NaN,
      "precision@500": 0.512,
      "recall@500": 0.1424596549805231,
      "precision@1000": 0.382,
      "recall@1000": 0.2125765164162493,
      "best_params": {
        "n_estimators": 868,
        "learning_rate": 0.011648603349671202,
        "num_leaves": 126,
        "max_depth": 9,
        "subsample": 0.9684437361204391,
        "colsample_bytree": 0.778589898329447,
        "reg_alpha": 0.0025594804882333975,
        "reg_lambda": 0.008638045378890628,
        "random_state": 42,
        "objective": "binary",
        "metric": "average_precision",
        "verbosity": -1,
        "scale_pos_weight": 1200.9727810650888
      }
    },
    {
      "model": "Logistic Regression",
      "roc_auc": 0.470924449696161,
      "pr_auc": 0.0016646080927269823,
      "precision@100": 0.0,
      "recall@100": 0.0,
      "training_time": 23.731285095214844,
      "precision@500": NaN,
      "recall@500": NaN,
      "precision@1000": NaN,
      "recall@1000": NaN,
      "best_params": NaN
    }
  ],
  "gnn_included": true
}