{
  "timestamp": "2025-10-16T14:44:01.332591",
  "phase": "Fase 4: Ajuste Fino dos Modelos",
  "optimization_results": {
    "xgboost_trials": 40,
    "lightgbm_trials": 48,
    "ensemble_created": true
  },
  "final_performance": {
    "XGBoost": {
      "precision": 0.7225130890052356,
      "recall": 0.13333333333333333,
      "f1_score": 0.22512234910277323,
      "pr_auc": 0.2446372795050396,
      "roc_auc": 0.9729361423373896,
      "avg_precision": 0.24482499992121273
    },
    "LightGBM": {
      "precision": 0.015879151922447887,
      "recall": 0.5159420289855072,
      "f1_score": 0.030810062312485575,
      "pr_auc": 0.2539450999479226,
      "roc_auc": 0.7575010746966689,
      "avg_precision": 0.009860380860775857
    },
    "RandomForest": {
      "precision": 0.012095899327402907,
      "recall": 0.8618357487922705,
      "f1_score": 0.023856965190762112,
      "pr_auc": 0.0630245809868914,
      "roc_auc": 0.9659618064895038,
      "avg_precision": 0.06380148349973296
    },
    "Ensemble": {
      "precision": 0.024800037862653227,
      "recall": 0.506280193236715,
      "f1_score": 0.04728388377549179,
      "pr_auc": 0.19704379092502286,
      "roc_auc": 0.9630811347217996,
      "avg_precision": 0.19723076464503903
    }
  },
  "key_improvements": {
    "extended_trials": "100+ trials Optuna para melhor otimiza\u00e7\u00e3o",
    "ensemble_model": "Voting classifier com pesos otimizados",
    "temporal_split": "Split temporal para valida\u00e7\u00e3o realista",
    "metric_focus": "Foco em PR-AUC para dados desbalanceados"
  },
  "recommendations": {
    "production": [
      "Usar ensemble para m\u00e1xima robustez",
      "Monitorar performance em produ\u00e7\u00e3o",
      "Re-treinar periodicamente com novos dados",
      "Implementar A/B testing para novos modelos"
    ],
    "further_improvements": [
      "Testar outros algoritmos (CatBoost, TabNet)",
      "Implementar stacking ensemble",
      "Adicionar feature engineering avan\u00e7ado",
      "Experimentar com neural networks"
    ]
  }
}