{
  "timestamp": "2025-10-16T17:48:41.117065",
  "phase": "Fase 6: Valida\u00e7\u00e3o de Robustez",
  "scenarios_tested": [
    "baseline",
    "fraud_increase",
    "value_shift",
    "noisy_data",
    "missing_data"
  ],
  "robustness_results": {
    "baseline": {
      "XGBoost": {
        "precision": 0.9375,
        "recall": 0.3125,
        "f1_score": 0.46875,
        "pr_auc": 0.5092987450780805,
        "roc_auc": 0.987719877749306,
        "avg_precision": 0.5111956734224582,
        "test_samples": 50000,
        "fraud_cases": "48"
      },
      "LightGBM": {
        "precision": 0.012224938875305624,
        "recall": 0.4166666666666667,
        "f1_score": 0.023752969121140142,
        "pr_auc": 0.20284055187179062,
        "roc_auc": 0.7218502679238735,
        "avg_precision": 0.0065643970976441614,
        "test_samples": 50000,
        "fraud_cases": "48"
      },
      "RandomForest": {
        "precision": 0.011986301369863013,
        "recall": 0.875,
        "f1_score": 0.02364864864864865,
        "pr_auc": 0.07092268013509198,
        "roc_auc": 0.9742098247651079,
        "avg_precision": 0.07657348244872254,
        "test_samples": 50000,
        "fraud_cases": "48"
      },
      "Ensemble": {
        "precision": 0.02054794520547945,
        "recall": 0.4375,
        "f1_score": 0.03925233644859813,
        "pr_auc": 0.30595100641263995,
        "roc_auc": 0.9680355641415759,
        "avg_precision": 0.3072909327768953,
        "test_samples": 50000,
        "fraud_cases": "48"
      }
    },
    "fraud_increase": {
      "XGBoost": {
        "precision": 0.9,
        "recall": 0.23684210526315788,
        "f1_score": 0.375,
        "pr_auc": 0.4796985114500755,
        "roc_auc": 0.9889943240040652,
        "avg_precision": 0.48181078812525274,
        "test_samples": 50000,
        "fraud_cases": "76"
      },
      "LightGBM": {
        "precision": 0.02366504854368932,
        "recall": 0.5131578947368421,
        "f1_score": 0.04524361948955916,
        "pr_auc": 0.2661648916726241,
        "roc_auc": 0.7430601092608135,
        "avg_precision": 0.014952011452798779,
        "test_samples": 50000,
        "fraud_cases": "76"
      },
      "RandomForest": {
        "precision": 0.018579234972677595,
        "recall": 0.8947368421052632,
        "f1_score": 0.03640256959314775,
        "pr_auc": 0.1017643761520334,
        "roc_auc": 0.9730442904794234,
        "avg_precision": 0.10728473554828985,
        "test_samples": 50000,
        "fraud_cases": "76"
      },
      "Ensemble": {
        "precision": 0.036414565826330535,
        "recall": 0.5131578947368421,
        "f1_score": 0.06800348735832606,
        "pr_auc": 0.37445153059256925,
        "roc_auc": 0.969132555168066,
        "avg_precision": 0.3762178527819227,
        "test_samples": 50000,
        "fraud_cases": "76"
      }
    },
    "value_shift": {
      "XGBoost": {
        "precision": 0.7272727272727273,
        "recall": 0.14545454545454545,
        "f1_score": 0.24242424242424243,
        "pr_auc": 0.297829342215064,
        "roc_auc": 0.9811450777673623,
        "avg_precision": 0.30103119490474256,
        "test_samples": 50000,
        "fraud_cases": "55"
      },
      "LightGBM": {
        "precision": 0.018441403926234383,
        "recall": 0.5636363636363636,
        "f1_score": 0.03571428571428571,
        "pr_auc": 0.2628410928328046,
        "roc_auc": 0.810725434341412,
        "avg_precision": 0.012053452046795848,
        "test_samples": 50000,
        "fraud_cases": "55"
      },
      "RandomForest": {
        "precision": 0.012315930388219544,
        "recall": 0.8363636363636363,
        "f1_score": 0.024274406332453827,
        "pr_auc": 0.07644414572742,
        "roc_auc": 0.9696291375058019,
        "avg_precision": 0.08552454425331914,
        "test_samples": 50000,
        "fraud_cases": "55"
      },
      "Ensemble": {
        "precision": 0.02736098852603707,
        "recall": 0.5636363636363636,
        "f1_score": 0.05218855218855219,
        "pr_auc": 0.18563476372682813,
        "roc_auc": 0.9689680466695183,
        "avg_precision": 0.1896904663939952,
        "test_samples": 50000,
        "fraud_cases": "55"
      }
    },
    "noisy_data": {
      "XGBoost": {
        "precision": 0.1111111111111111,
        "recall": 0.05405405405405406,
        "f1_score": 0.07272727272727272,
        "pr_auc": 0.032270447064597405,
        "roc_auc": 0.6875439176341844,
        "avg_precision": 0.03345238516622329,
        "test_samples": 50000,
        "fraud_cases": "37"
      },
      "LightGBM": {
        "precision": 0.006790402897238569,
        "recall": 0.40540540540540543,
        "f1_score": 0.013357079252003561,
        "pr_auc": 0.2052934474002616,
        "roc_auc": 0.6758284914620603,
        "avg_precision": 0.003337581074947011,
        "test_samples": 50000,
        "fraud_cases": "37"
      },
      "RandomForest": {
        "precision": 0.005591054313099041,
        "recall": 0.1891891891891892,
        "f1_score": 0.010861132660977503,
        "pr_auc": 0.0058239481432194075,
        "roc_auc": 0.8025749865711438,
        "avg_precision": 0.006737784945758021,
        "test_samples": 50000,
        "fraud_cases": "37"
      },
      "Ensemble": {
        "precision": 0.009538950715421303,
        "recall": 0.16216216216216217,
        "f1_score": 0.018018018018018018,
        "pr_auc": 0.060647311666480276,
        "roc_auc": 0.7998378259371394,
        "avg_precision": 0.06103246471726108,
        "test_samples": 50000,
        "fraud_cases": "37"
      }
    },
    "missing_data": {
      "XGBoost": {
        "precision": 0.6153846153846154,
        "recall": 0.27586206896551724,
        "f1_score": 0.38095238095238093,
        "pr_auc": 0.3273931242912398,
        "roc_auc": 0.9783749149012855,
        "avg_precision": 0.33347260673889656,
        "test_samples": 50000,
        "fraud_cases": "58"
      },
      "LightGBM": {
        "precision": 0.016756756756756756,
        "recall": 0.5344827586206896,
        "f1_score": 0.03249475890985325,
        "pr_auc": 0.2739696281744852,
        "roc_auc": 0.7506186486669365,
        "avg_precision": 0.010410977884608031,
        "test_samples": 50000,
        "fraud_cases": "58"
      },
      "RandomForest": {
        "precision": 0.014204545454545454,
        "recall": 0.8620689655172413,
        "f1_score": 0.027948574622694244,
        "pr_auc": 0.17937722579290846,
        "roc_auc": 0.9619821061396737,
        "avg_precision": 0.18586174011423132,
        "test_samples": 50000,
        "fraud_cases": "58"
      },
      "Ensemble": {
        "precision": 0.031062124248496994,
        "recall": 0.5344827586206896,
        "f1_score": 0.058712121212121215,
        "pr_auc": 0.31614700038529653,
        "roc_auc": 0.9561695014492673,
        "avg_precision": 0.32011955411119425,
        "test_samples": 50000,
        "fraud_cases": "58"
      }
    }
  },
  "concept_drift_analysis": {
    "baseline_performance": {
      "XGBoost": {
        "precision": 0.9375,
        "recall": 0.3125,
        "f1_score": 0.46875,
        "pr_auc": 0.5092987450780805,
        "roc_auc": 0.987719877749306,
        "avg_precision": 0.5111956734224582,
        "test_samples": 50000,
        "fraud_cases": "48"
      },
      "LightGBM": {
        "precision": 0.012224938875305624,
        "recall": 0.4166666666666667,
        "f1_score": 0.023752969121140142,
        "pr_auc": 0.20284055187179062,
        "roc_auc": 0.7218502679238735,
        "avg_precision": 0.0065643970976441614,
        "test_samples": 50000,
        "fraud_cases": "48"
      },
      "RandomForest": {
        "precision": 0.011986301369863013,
        "recall": 0.875,
        "f1_score": 0.02364864864864865,
        "pr_auc": 0.07092268013509198,
        "roc_auc": 0.9742098247651079,
        "avg_precision": 0.07657348244872254,
        "test_samples": 50000,
        "fraud_cases": "48"
      },